,bar_name,name,beer_link,beer_sort,abv,ibu,brewery,brewery_link,beer_rating,section,drft
0,Redrum Bar,15. Bus 22,https://untappd.com/b/af-brew-bus-22/2620029,Pilsner - Czech,4.5% ABV , 30 IBU , AF Brew ,https://untappd.com/w/af-brew/38368,3.678,,Not_stated
1,Redrum Bar,6. Quad Hopper,https://untappd.com/b/af-brew-quad-hopper/2701284,IPA - Quadruple,10% ABV , 25 IBU , AF Brew ,https://untappd.com/w/af-brew/38368,4.127,,Not_stated
2,Redrum Bar,15. Kiss the Dust! DDH Citra+Simcoe,https://untappd.com/b/af-brew-kiss-the-dust-ddh-citra-simcoe/3250632,IPA - Sour,8% ABV , 20 IBU , AF Brew ,https://untappd.com/w/af-brew/38368,3.979,,Not_stated
3,Redrum Bar,6. Big Black Mash,https://untappd.com/b/af-brew-big-black-mash/2588712,Stout - Imperial / Double Pastry,10% ABV , 30 IBU , AF Brew ,https://untappd.com/w/af-brew/38368,4.163,,Not_stated
4,Redrum Bar,12. Candy,https://untappd.com/b/dugges-bryggeri-candy/3191906,Stout - Imperial / Double,12.3% ABV , N/A IBU , Dugges Bryggeri ,https://untappd.com/w/dugges-bryggeri/1958,4.041,,Not_stated
5,Redrum Bar,16. Sidra Trabanco,https://untappd.com/b/sidra-trabanco-sidra-trabanco/29477,Cider - Traditional,6% ABV , N/A IBU , Sidra Trabanco ,https://untappd.com/w/sidra-trabanco/6382,3.527,,Not_stated
6,Redrum Bar,17. Solstice d'Eté (Framboise),https://untappd.com/b/brasserie-dieu-du-ciel-solstice-d-ete-framboise/81525,Sour - Fruited Berliner Weisse,5.9% ABV , N/A IBU , Brasserie Dieu du Ciel! ,https://untappd.com/w/brasserie-dieu-du-ciel/1674,4.04,,Not_stated
7,Redrum Bar,19. Peated Whiskey Sour,https://untappd.com/b/coolhead-brew-peated-whiskey-sour/3277497,Sour - Other,7.5% ABV , N/A IBU , CoolHead Brew ,https://untappd.com/w/coolhead-brew/258054,3.747,,Not_stated
8,Redrum Bar,20. Tequila Barrel-Aged Turbo Shandy Citrus Ale,https://untappd.com/b/hoppin-frog-brewery-tequila-barrel-aged-turbo-shandy-citrus-ale/1135018,Shandy / Radler,7% ABV , 7 IBU , Hoppin' Frog Brewery ,https://untappd.com/w/hoppin-frog-brewery/673,4.103,,Not_stated
9,Redrum Bar,21. Patrons Project 24.01 // Tom J Newell // Astro Black // Voodoo Brewery // Imperial Stout,https://untappd.com/b/northern-monk-patrons-project-24-01-tom-j-newell-astro-black-voodoo-brewery-imperial-stout/3629881,Stout - Imperial / Double,12% ABV , 25 IBU , Northern Monk ,https://untappd.com/w/northern-monk/71828,4.173,,Not_stated
10,Redrum Bar,23. Straffe Hendrik Brugs Quadrupel Bier 11°,https://untappd.com/b/brouwerij-de-halve-maan-straffe-hendrik-brugs-quadrupel-bier-11/41289,Belgian Quadrupel,11% ABV , 35 IBU , Brouwerij De Halve Maan ,https://untappd.com/w/brouwerij-de-halve-maan/430,3.92,,Not_stated
11,Redrum Bar,Grand Cru,https://untappd.com/b/evil-twin-brewing-grand-cru/3021742,Strong Ale - Other,12.5% ABV , N/A IBU , Evil Twin Brewing ,https://untappd.com/w/evil-twin-brewing/3735,4.18,,Not_stated
12,Redrum Bar,Albino Pygmy Puma (2019),https://untappd.com/b/2nd-shift-brewing-albino-pygmy-puma-2019/3060144,Pale Ale - New England,5.5% ABV , N/A IBU , 2nd Shift Brewing ,https://untappd.com/w/2nd-shift-brewing/2476,3.744,,Not_stated
13,Redrum Bar,Devil Strip,https://untappd.com/b/hoppin-frog-brewery-devil-strip-black-and-tan/1639659,Black & Tan,6.85% ABV , 41 IBU , Hoppin' Frog Brewery ,https://untappd.com/w/hoppin-frog-brewery/673,3.674,,Not_stated
14,Redrum Bar,Jefe’s Horchata Barrel-Aged Imperial Stout,https://untappd.com/b/oskar-blues-brewery-jefe-s-horchata-barrel-aged-imperial-stout/2995284,Stout - Imperial / Double,12.8% ABV , N/A IBU , Oskar Blues Brewery ,https://untappd.com/w/oskar-blues-brewery/956,4.214,,Not_stated
15,Redrum Bar,Brewer's Reserve Vanilla Bean Stout (2019),https://untappd.com/b/central-waters-brewing-company-brewer-s-reserve-vanilla-bean-stout-2019/3313391,Stout - Imperial / Double,9.5% ABV , 38 IBU , Central Waters Brewing Company ,https://untappd.com/w/central-waters-brewing-company/358,4.189,,Not_stated
16,Redrum Bar,Raspberry (2018),https://untappd.com/b/upland-brewing-company-raspberry-2018/3076829,Sour - Fruited,6% ABV , N/A IBU , Upland Brewing Company ,https://untappd.com/w/upland-brewing-company/1313,4.252,,Not_stated
17,Redrum Bar,Velvet Merkin (2016),https://untappd.com/b/firestone-walker-brewing-company-velvet-merkin-2016/1751921,Stout - Imperial / Double Oatmeal,8.5% ABV , 33 IBU , Firestone Walker Brewing Company ,https://untappd.com/w/firestone-walker-brewing-company/524,4.234,,Not_stated
18,Redrum Bar,Stickee Monkee (2016),https://untappd.com/b/firestone-walker-brewing-company-stickee-monkee-2016/1490463,Strong Ale - American,11.6% ABV , 35 IBU , Firestone Walker Brewing Company ,https://untappd.com/w/firestone-walker-brewing-company/524,4.402,,Not_stated
19,Redrum Bar,Napa Parabola (2019),https://untappd.com/b/firestone-walker-brewing-company-napa-parabola-2019/3218311,Stout - Russian Imperial,11.3% ABV , 61 IBU , Firestone Walker Brewing Company ,https://untappd.com/w/firestone-walker-brewing-company/524,4.324,,Not_stated
20,Redrum Bar,Bretta Blanc Batch No. 002,https://untappd.com/b/firestone-walker-brewing-company-bretta-blanc-batch-no-002/3393535,American Wild Ale,8.9% ABV , N/A IBU , Firestone Walker Brewing Company ,https://untappd.com/w/firestone-walker-brewing-company/524,4.14,,Not_stated
21,Redrum Bar,Oro de Calabaza Grand Reserve,https://untappd.com/b/jolly-pumpkin-artisan-ales-oro-de-calabaza-grand-reserve/1449134,Belgian Strong Golden Ale,8% ABV , N/A IBU , Jolly Pumpkin Artisan Ales ,https://untappd.com/w/jolly-pumpkin-artisan-ales/723,4.073,,Not_stated
22,Redrum Bar,Gnoel de Abbey (2018),https://untappd.com/b/the-lost-abbey-gnoel-de-abbey-2018/3022076,Winter Warmer,8.5% ABV , N/A IBU , The Lost Abbey ,https://untappd.com/w/the-lost-abbey/2712,3.91,,Not_stated
23,Redrum Bar,Citrus Sin,https://untappd.com/b/the-lost-abbey-citrus-sin/2824442,American Wild Ale,5.8% ABV , N/A IBU , The Lost Abbey ,https://untappd.com/w/the-lost-abbey/2712,3.801,,Not_stated
24,Redrum Bar,Parlez-Vous Français Toast,https://untappd.com/b/evil-twin-brewing-nyc-parlez-vous-francais-toast/3240780,Stout - Imperial / Double,13% ABV , N/A IBU , Evil Twin Brewing NYC ,https://untappd.com/w/evil-twin-brewing-nyc/420055,4.18,,Not_stated
25,Redrum Bar,OFYMD,https://untappd.com/b/westbrook-brewing-co-ofymd/2793890,Stout - Imperial / Double Pastry,12.8% ABV , 20 IBU , Westbrook Brewing Co. ,https://untappd.com/w/westbrook-brewing-co/10905,4.114,,Not_stated
26,Redrum Bar,Double Dunk,https://untappd.com/b/prairie-artisan-ales-double-dunk/2645021,Stout - Imperial / Double,11.9% ABV , N/A IBU , Prairie Artisan Ales ,https://untappd.com/w/prairie-artisan-ales/37713,4.187,,Not_stated
27,Redrum Bar,Irish-ish Coffee Stout,https://untappd.com/b/evil-twin-brewing-irish-ish-coffee-stout/2507316,Stout - Imperial / Double Coffee,10.3% ABV , 58 IBU , Evil Twin Brewing ,https://untappd.com/w/evil-twin-brewing/3735,4.029,,Not_stated
28,Redrum Bar,SpontanCherry Frederiksdal (2019),https://untappd.com/b/mikkeller-spontancherry-frederiksdal-2019/3067311,Lambic - Kriek,7.2% ABV , N/A IBU , Mikkeller ,https://untappd.com/w/mikkeller/2813,4.164,,Not_stated
29,Redrum Bar,Oregon Fruit Series Spontan Plum,https://untappd.com/b/mikkeller-oregon-fruit-series-spontan-plum/3100119,Lambic - Fruit,7.7% ABV , N/A IBU , Mikkeller ,https://untappd.com/w/mikkeller/2813,3.824,,Not_stated
30,Redrum Bar,Blåbær Mælk Shake,https://untappd.com/b/to-ol-blabaer-maelk-shake/3179955,Stout - Imperial / Double Milk,12.3% ABV , 44 IBU , To Øl ,https://untappd.com/w/to-ol/2241,3.612,,Not_stated
31,Redrum Bar,Valvu Line,https://untappd.com/b/la-calavera-valvu-line/3292419,Porter - Imperial / Double,10.8% ABV , N/A IBU , La Calavera ,https://untappd.com/w/la-calavera/47140,3.818,,Not_stated
32,Redrum Bar,Dead Barrel Island,https://untappd.com/b/la-calavera-dead-barrel-island/3521668,Porter - Baltic,10.3% ABV , N/A IBU , La Calavera ,https://untappd.com/w/la-calavera/47140,3.843,,Not_stated
33,Redrum Bar,Hellshock,https://untappd.com/b/la-calavera-hellshock/3505133,Sour - Other,7.1% ABV , N/A IBU , La Calavera ,https://untappd.com/w/la-calavera/47140,3.899,,Not_stated
34,Redrum Bar,Tuverbol (2018),https://untappd.com/b/brouwerij-loterbol-tuverbol-2018/3090308,Belgian Strong Golden Ale,10% ABV , N/A IBU , Brouwerij Loterbol ,https://untappd.com/w/brouwerij-loterbol/3138,4.043,,Not_stated
35,Redrum Bar,Trappist Westvleteren 8 (2017),https://untappd.com/b/brouwerij-de-sint-sixtusabdij-van-westvleteren-trappist-westvleteren-8-2017/2039272,Belgian Dubbel,8% ABV , 35 IBU , Brouwerij De Sint-Sixtusabdij van Westvleteren ,https://untappd.com/w/brouwerij-de-sint-sixtusabdij-van-westvleteren/263,4.2,,Not_stated
36,Redrum Bar,Three Years Dinner,https://untappd.com/b/de-moersleutel-three-years-dinner/3352704,Stout - Imperial / Double,13% ABV , N/A IBU , De Moersleutel ,https://untappd.com/w/de-moersleutel/269726,4.231,,Not_stated
37,Redrum Bar,Dolle Dries 2019,https://untappd.com/b/de-moersleutel-dolle-dries-2019/3437374,Porter - Imperial / Double Coffee,11% ABV , N/A IBU , De Moersleutel ,https://untappd.com/w/de-moersleutel/269726,4.013,,Not_stated
38,Redrum Bar,8719992492251 (Barcode Green),https://untappd.com/b/de-moersleutel-8719992492251-barcode-green/3409023,Stout - Imperial / Double,12% ABV , N/A IBU , De Moersleutel ,https://untappd.com/w/de-moersleutel/269726,4.292,,Not_stated
39,Redrum Bar,Mout & Mocca Bourbon Infused,https://untappd.com/b/brouwerij-de-molen-mout-and-mocca-bourbon-infused/3437545,Stout - Imperial / Double Coffee,10.6% ABV , 81 IBU , Brouwerij De Molen ,https://untappd.com/w/brouwerij-de-molen/3367,3.945,,Not_stated
40,Redrum Bar,Rep & Roer BA,https://untappd.com/b/brouwerij-de-molen-rep-and-roer-ba/3240978,Stout - Imperial / Double,11.8% ABV , 31 IBU , Brouwerij De Molen ,https://untappd.com/w/brouwerij-de-molen/3367,4.004,,Not_stated
41,Redrum Bar,Willy Tonka 4,https://untappd.com/b/de-moersleutel-willy-tonka-4/2919949,Stout - Imperial / Double,11% ABV , N/A IBU , De Moersleutel ,https://untappd.com/w/de-moersleutel/269726,4.14,,Not_stated
42,Redrum Bar,Port Spices,https://untappd.com/b/dugges-bryggeri-port-spices/2907149,Stout - Imperial / Double,13% ABV , N/A IBU , Dugges Bryggeri ,https://untappd.com/w/dugges-bryggeri/1958,3.859,,Not_stated
43,Redrum Bar,Space Food Cotton Candy Space Cookie Piña Colada Double Milkshake IPA,https://untappd.com/b/omnipollo-space-food-cotton-candy-space-cookie-pina-colada-double-milkshake-ipa/3504251,IPA - Imperial / Double Milkshake,8% ABV , N/A IBU , Omnipollo ,https://untappd.com/w/omnipollo/29486,4.007,,Not_stated
44,Redrum Bar,Flashback Blueberry Maple Pancake Imperial Porter,https://untappd.com/b/omnipollo-flashback-blueberry-maple-pancake-imperial-porter/3529033,Porter - Imperial / Double,9% ABV , N/A IBU , Omnipollo ,https://untappd.com/w/omnipollo/29486,3.822,,Not_stated
45,Redrum Bar,The Helm of Awe,https://untappd.com/b/sahtipaja-the-helm-of-awe/2548230,Stout - Imperial / Double,12.2% ABV , N/A IBU , Sahtipaja ,https://untappd.com/w/sahtipaja/23916,3.667,,Not_stated
46,Redrum Bar,Stein,https://untappd.com/b/lindheim-olkompani-stein/3140828,Stout - Imperial / Double,10% ABV , N/A IBU , Lindheim Ølkompani ,https://untappd.com/w/lindheim-olkompani/85406,3.631,,Not_stated
47,Redrum Bar,Beans & Berries,https://untappd.com/b/lervig-beans-and-berries/3329206,IPA - Farmhouse,6.9% ABV , N/A IBU , LERVIG ,https://untappd.com/w/lervig/6826,3.57,,Not_stated
48,Redrum Bar,PARAGON 2018,https://untappd.com/b/lervig-paragon-2018/3403089,Barleywine - English,13.5% ABV , 40 IBU , LERVIG ,https://untappd.com/w/lervig/6826,4.373,,Not_stated
49,Redrum Bar,The Buffer And the Cat,https://untappd.com/b/nogne-o-the-buffer-and-the-cat/2821896,Farmhouse Ale - Saison,4.5% ABV , 15 IBU , Nøgne Ø ,https://untappd.com/w/nogne-o/923,3.466,,Not_stated
50,Redrum Bar,Newschoolers,https://untappd.com/b/lindheim-olkompani-newschoolers/2880703,Bock - Doppelbock,8% ABV , N/A IBU , Lindheim Ølkompani ,https://untappd.com/w/lindheim-olkompani/85406,3.576,,Not_stated
51,Redrum Bar,Oude Luiaard,https://untappd.com/b/ca-del-brado-oude-luiaard/3239600,Sour - Other,7.1% ABV , 26 IBU , Ca' del Brado ,https://untappd.com/w/ca-del-brado/307138,4.064,,Not_stated
52,Redrum Bar,Zena,https://untappd.com/b/ca-del-brado-zena/3172229,Sour - Gose,6.4% ABV , 13 IBU , Ca' del Brado ,https://untappd.com/w/ca-del-brado/307138,4.039,,Not_stated
53,Redrum Bar,Cuvée de Pesga,https://untappd.com/b/ca-del-brado-cuvee-de-pesga/2321535,Sour - Fruited,7.8% ABV , 20 IBU , Ca' del Brado ,https://untappd.com/w/ca-del-brado/307138,4.08,,Not_stated
54,Redrum Bar,ABV Not IBU: Citra,https://untappd.com/b/af-brew-abv-not-ibu-citra/3793348,IPA - Imperial / Double,8% ABV , 114 IBU , AF Brew ,https://untappd.com/w/af-brew/38368,3.582,,Not_stated
55,Redrum Bar,ABV Not IBU: Motueka,https://untappd.com/b/af-brew-abv-not-ibu-motueka/1853604,IPA - Imperial / Double,8% ABV , 114 IBU , AF Brew ,https://untappd.com/w/af-brew/38368,3.829,,Not_stated
56,Redrum Bar,ABV Not IBU: Nelson Sauvin,https://untappd.com/b/af-brew-abv-not-ibu-nelson-sauvin/3793347,IPA - Imperial / Double,8% ABV , 114 IBU , AF Brew ,https://untappd.com/w/af-brew/38368,3.462,,Not_stated
57,Redrum Bar,ALL • GRAIN • CORE,https://untappd.com/b/af-brew-all-grain-core/3557493,Stout - Other,7% ABV , 30 IBU , AF Brew ,https://untappd.com/w/af-brew/38368,3.734,,Not_stated
58,Redrum Bar,Aronia,https://untappd.com/b/symbiotica-by-af-brew-bsg-aronia/3674884,Kombucha,3% ABV , N/A IBU , Symbiotica by AF Brew × BSG ,https://untappd.com/w/symbiotica-by-af-brew-bsg/436118,3.605,,Not_stated
59,Redrum Bar,Big Black Mash,https://untappd.com/b/af-brew-big-black-mash/2588712,Stout - Imperial / Double Pastry,10% ABV , 30 IBU , AF Brew ,https://untappd.com/w/af-brew/38368,4.163,,Not_stated
60,Redrum Bar,Black Magic,https://untappd.com/b/af-brew-black-magic/463804,Porter - American,5.8% ABV , 41 IBU , AF Brew ,https://untappd.com/w/af-brew/38368,3.73,,Not_stated
61,Redrum Bar,Bold In Gold,https://untappd.com/b/af-brew-bold-in-gold/3731157,IPA - Triple New England,10% ABV , 20 IBU , AF Brew ,https://untappd.com/w/af-brew/38368,3.858,,Not_stated
62,Redrum Bar,Chili × Lemon,https://untappd.com/b/symbiotica-by-af-brew-bsg-chili-lemon/3396840,Kombucha,1% ABV , N/A IBU , Symbiotica by AF Brew × BSG ,https://untappd.com/w/symbiotica-by-af-brew-bsg/436118,3.645,,Not_stated
63,Redrum Bar,Cranberry × Juniper,https://untappd.com/b/symbiotica-by-af-brew-bsg-cranberry-juniper/3306096,Kombucha,1% ABV , N/A IBU , Symbiotica by AF Brew × BSG ,https://untappd.com/w/symbiotica-by-af-brew-bsg/436118,3.7,,Not_stated
64,Redrum Bar,Do You Know the Muffin Man Who Went to Bourbon Land?,https://untappd.com/b/af-brew-do-you-know-the-muffin-man-who-went-to-bourbon-land/3475246,Stout - Imperial / Double Pastry,10% ABV , 30 IBU , AF Brew ,https://untappd.com/w/af-brew/38368,4.106,,Not_stated
65,Redrum Bar,Hoek Van Nieuw Holland,https://untappd.com/b/af-brew-hoek-van-nieuw-holland/2248906,Wheat Beer - Witbier,4.8% ABV , 18 IBU , AF Brew ,https://untappd.com/w/af-brew/38368,3.719,,Not_stated
66,Redrum Bar,Ingria Pale Ale,https://untappd.com/b/af-brew-ingria-pale-ale/222101,IPA - American,5.8% ABV , 75 IBU , AF Brew ,https://untappd.com/w/af-brew/38368,3.868,,Not_stated
67,Redrum Bar,It’s Over 9000! Blackberry • Strawberry • Lime,https://untappd.com/b/af-brew-it-s-over-9000-blackberry-strawberry-lime/3306258,Sour - Fruited Gose,7% ABV , N/A IBU , AF Brew ,https://untappd.com/w/af-brew/38368,3.898,,Not_stated
68,Redrum Bar,It’s Over 9000! Raspberry • Cherry • Lime,https://untappd.com/b/af-brew-it-s-over-9000-raspberry-cherry-lime/3113439,Sour - Fruited Gose,7% ABV , N/A IBU , AF Brew ,https://untappd.com/w/af-brew/38368,4.022,,Not_stated
69,Redrum Bar,Pareto 2019 (Port Wine Barrel-Aged),https://untappd.com/b/sori-brewing-pareto-2019-port-wine-barrel-aged/3485001,Scotch Ale / Wee Heavy,11.5% ABV , N/A IBU , Sori Brewing ,https://untappd.com/w/sori-brewing/58973,4.06,,Not_stated
70,Redrum Bar,Black Boar - Barrel Aged Batch III 2017,https://untappd.com/b/the-white-hag-irish-brewing-company-black-boar-barrel-aged-batch-iii-2017/3016501,Stout - Imperial / Double Oatmeal,10.2% ABV , N/A IBU , The White Hag Irish Brewing Company ,https://untappd.com/w/the-white-hag-irish-brewing-company/123045,3.962,,Not_stated
71,Redrum Bar,Foudre,https://untappd.com/b/le-trou-du-diable-foudre/2452314,Farmhouse Ale - Saison,5.5% ABV , N/A IBU , Le Trou du Diable ,https://untappd.com/w/le-trou-du-diable/3232,3.8,,Not_stated
72,Redrum Bar,Le Hérisson,https://untappd.com/b/le-trou-du-diable-le-herisson/907385,Sour - Other,5.4% ABV , N/A IBU , Le Trou du Diable ,https://untappd.com/w/le-trou-du-diable/3232,4.058,,Not_stated
73,Redrum Bar,Easy,https://untappd.com/b/stillwell-brewing-company-easy/2729942,Farmhouse Ale - Saison,4.7% ABV , 30 IBU , Stillwell Brewing Company ,https://untappd.com/w/stillwell-brewing-company/167905,4.095,,Not_stated
74,Redrum Bar,Gosh (Blend 2 - White Wine Barrels),https://untappd.com/b/stillwell-brewing-company-gosh-blend-2-white-wine-barrels/2646150,Farmhouse Ale - Saison,6.2% ABV , N/A IBU , Stillwell Brewing Company ,https://untappd.com/w/stillwell-brewing-company/167905,4.203,,Not_stated
75,Socle Craft Bar,1. Everglades,https://untappd.com/b/khoffner-brewery-everglades/3530114,IPA - Imperial / Double,8% ABV , 50 IBU , Khoffner Brewery ,https://untappd.com/w/khoffner-brewery/328597,3.385,,На кранах (on deck)
76,Socle Craft Bar,2. Docker,https://untappd.com/b/brew-division-docker/1823331,Porter - Baltic,7.5% ABV , 25 IBU , Brew Division ,https://untappd.com/w/brew-division/301549,3.752,,На кранах (on deck)
77,Socle Craft Bar,3. Ковбой Мальборо,https://untappd.com/b/plan-b-brewery-kovboj-malboro/673144,IPA - American,6.5% ABV , 50 IBU , Plan B Brewery ,https://untappd.com/w/plan-b-brewery/104878,3.92,,На кранах (on deck)
78,Socle Craft Bar,4. Святой Домкрат,https://untappd.com/b/toksovskaya-sidreriya-on-the-bones-svyatoj-domkrat/884482,Cider - Dry,6% ABV , N/A IBU , Токсовская Сидрерия (On The Bones) ,https://untappd.com/w/toksovskaya-sidreriya-on-the-bones/75763,3.831,,На кранах (on deck)
79,Socle Craft Bar,5. Pamela Lagerson ver. 3.0,https://untappd.com/b/khoffner-brewery-pamela-lagerson/2851085,Lager - American Light,4.2% ABV , 22 IBU , Khoffner Brewery ,https://untappd.com/w/khoffner-brewery/328597,3.507,,На кранах (on deck)
80,Socle Craft Bar,6. Florida’s Dream,https://untappd.com/b/khoffner-brewery-florida-s-dream/2521642,Winter Ale,8% ABV , 70 IBU , Khoffner Brewery ,https://untappd.com/w/khoffner-brewery/328597,3.673,,На кранах (on deck)
81,Socle Craft Bar,7. Liquid Bakery: Blueberry Pancakes With Maple Syrup,https://untappd.com/b/dieta-dieta-liquid-bakery-blueberry-pancakes-with-maple-syrup/3672275,Sour - Fruited Gose,7.5% ABV , N/A IBU , DIETA / ДИЕТА ,https://untappd.com/w/dieta-dieta/391808,4.193,,На кранах (on deck)
82,Socle Craft Bar,8. Beyond the Pale,https://untappd.com/b/stamm-brewing-beyond-the-pale/3640183,Pale Ale - New England,5.5% ABV , N/A IBU , Stamm Brewing ,https://untappd.com/w/stamm-brewing/44976,3.938,,На кранах (on deck)
83,Socle Craft Bar,9. Was Ist Das?,https://untappd.com/b/brewt-was-ist-das/2500774,Hefeweizen,4.6% ABV , 15 IBU , BrewT! ,https://untappd.com/w/brewt/360552,3.487,,На кранах (on deck)
84,Socle Craft Bar,10. Dark Train,https://untappd.com/b/khoffner-brewery-dark-train/3597831,Stout - Pastry,8% ABV , 20 IBU , Khoffner Brewery ,https://untappd.com/w/khoffner-brewery/328597,4.068,,На кранах (on deck)
85,Socle Craft Bar,11. Clockwork Cherry,https://untappd.com/b/knightberg-clockwork-cherry/2325562,Fruit Beer,4.5% ABV , 13 IBU , Knightberg ,https://untappd.com/w/knightberg/12920,3.491,,На кранах (on deck)
86,Socle Craft Bar,12. E= MC Quadrat,https://untappd.com/b/brew-division-e-mc-quadrat/3506203,Belgian Quadrupel,12% ABV , N/A IBU , Brew Division ,https://untappd.com/w/brew-division/301549,3.883,,На кранах (on deck)
87,Socle Craft Bar,13. Симбиоз,https://untappd.com/b/brewt-simbioz/3022273,Stout - Coffee,8% ABV , 22 IBU , BrewT! ,https://untappd.com/w/brewt/360552,3.914,,На кранах (on deck)
88,Socle Craft Bar,14. Vitamin Kick: blueberry + black currant,https://untappd.com/b/brewt-vitamin-kick-blueberry-black-currant/3290027,Sour - Fruited Gose,7% ABV , N/A IBU , BrewT! ,https://untappd.com/w/brewt/360552,4.027,,На кранах (on deck)
89,Socle Craft Bar,15. Hop&Hop's Mosaic Cryo Hops - Amarillo,https://untappd.com/b/084brewery-hop-and-hop-s-mosaic-cryo-hops-amarillo/3543832,IPA - Imperial / Double,7.1% ABV , 70 IBU , 084Brewery ,https://untappd.com/w/084brewery/382899,3.567,,На кранах (on deck)
90,Socle Craft Bar,16. Heartless Bitch 2.0,https://untappd.com/b/gravity-project-heartless-bitch-2-0/3300416,Cider - Other Fruit,4.5% ABV , N/A IBU , Gravity Project ,https://untappd.com/w/gravity-project/386988,3.816,,На кранах (on deck)
91,Socle Craft Bar,17. Maroon Bells,https://untappd.com/b/khoffner-brewery-maroon-bells/3530095,IPA - New England,6.7% ABV , 37 IBU , Khoffner Brewery ,https://untappd.com/w/khoffner-brewery/328597,3.237,,На кранах (on deck)
92,Socle Craft Bar,19. #19 Sour Grapefruit Saison,https://untappd.com/b/craab-19-sour-grapefruit-saison/3425256,Sour - Fruited,6.3% ABV , 7 IBU , Craab ,https://untappd.com/w/craab/415904,3.916,,На кранах (on deck)
93,Socle Craft Bar,21. 45th State,https://untappd.com/b/brewnet-45th-state/3172429,IPA - New England,5% ABV , 25 IBU , Brewnet ,https://untappd.com/w/brewnet/425972,3.278,,На кранах (on deck)
94,Socle Craft Bar,B-DAY Lager,https://untappd.com/b/ostrovica-b-day-lager/1591905,Lager - IPL (India Pale Lager),4.9% ABV , 25 IBU , Ostrovica ,https://untappd.com/w/ostrovica/231873,3.7,,Ostrovica
95,Socle Craft Bar,Стаутский советник,https://untappd.com/b/alaska-brewery-stautskij-sovetnik/1930817,Stout - Imperial / Double Milk,10.5% ABV , N/A IBU , Alaska Brewery ,https://untappd.com/w/alaska-brewery/312193,3.923,,Alaska
96,Socle Craft Bar,Rocket Jump,https://untappd.com/b/selfmade-brewery-rocket-jump/2396150,IPA - American,6.3% ABV , 49 IBU , Selfmade Brewery ,https://untappd.com/w/selfmade-brewery/325536,3.866,,Selfmade
97,Socle Craft Bar,Mahatma G.,https://untappd.com/b/rewort-brewery-mahatma-g/2367269,IPA - American,7.3% ABV , 48 IBU , Rewort Brewery ,https://untappd.com/w/rewort-brewery/331829,3.94,,Rewort
98,Socle Craft Bar,Tomato Gose,https://untappd.com/b/salden-s-brewery-tomato-gose/1973701,Sour - Fruited Gose,5% ABV , N/A IBU , Salden's Brewery ,https://untappd.com/w/salden-s-brewery/95242,3.895,,Salden's
99,Socle Craft Bar,Sour Diesel Therapy: Raspberry ∙ Blueberry ∙ Blackberry,https://untappd.com/b/af-brew-sour-diesel-therapy-raspberry-blueberry-blackberry/3683577,Sour - Fruited,6% ABV , N/A IBU , AF Brew ,https://untappd.com/w/af-brew/38368,3.811,,AF Brew
100,Socle Craft Bar,Fortune Cookie Policy,https://untappd.com/b/af-brew-fortune-cookie-policy/3674886,Sour - Fruited,5% ABV , N/A IBU , AF Brew ,https://untappd.com/w/af-brew/38368,3.929,,AF Brew
101,Socle Craft Bar,Serotonin Syndrome,https://untappd.com/b/af-brew-serotonin-syndrome/2038885,Stout - Imperial / Double Oatmeal,10% ABV , 30 IBU , AF Brew ,https://untappd.com/w/af-brew/38368,4.047,,AF Brew
102,Socle Craft Bar,I Got Mango Worms,https://untappd.com/b/af-brew-i-got-mango-worms/3500423,IPA - Sour,7% ABV , 15 IBU , AF Brew ,https://untappd.com/w/af-brew/38368,4.031,,AF Brew
103,Socle Craft Bar,I Got Guava Worms,https://untappd.com/b/af-brew-i-got-guava-worms/3436793,IPA - Sour,7% ABV , 15 IBU , AF Brew ,https://untappd.com/w/af-brew/38368,4.157,,AF Brew
104,Socle Craft Bar,Bounty Killer,https://untappd.com/b/af-brew-bounty-killer/1498332,Stout - Milk / Sweet,6.9% ABV , 30 IBU , AF Brew ,https://untappd.com/w/af-brew/38368,3.81,,AF Brew
105,Socle Craft Bar,Big Black Mash,https://untappd.com/b/af-brew-big-black-mash/2588712,Stout - Imperial / Double Pastry,10% ABV , 30 IBU , AF Brew ,https://untappd.com/w/af-brew/38368,4.163,,AF Brew
106,Socle Craft Bar,ABV Not IBU: Amarillo,https://untappd.com/b/af-brew-abv-not-ibu-amarillo/885555,IPA - Imperial / Double,8% ABV , 114 IBU , AF Brew ,https://untappd.com/w/af-brew/38368,3.935,,AF Brew
107,Socle Craft Bar,Dark Mentor: Purple Doctrine,https://untappd.com/b/stamm-brewing-dark-mentor-purple-doctrine/3670595,Stout - Imperial / Double Pastry,11% ABV , N/A IBU , Stamm Brewing ,https://untappd.com/w/stamm-brewing/44976,4.08,,Stamm brewing
108,Socle Craft Bar,Hop Gun Citra & Mosaic,https://untappd.com/b/stamm-beer-hop-gun-citra-mosaic/1048765,IPA - American,7% ABV , 80 IBU , Stamm Brewing ,https://untappd.com/w/stamm-brewing/44976,3.982,,Stamm brewing
109,Socle Craft Bar,Monoplay Mosaic,https://untappd.com/b/stamm-brewing-monoplay-mosaic/3548549,IPA - Imperial / Double New England,8.5% ABV , N/A IBU , Stamm Brewing ,https://untappd.com/w/stamm-brewing/44976,4.159,,Stamm brewing
110,Socle Craft Bar,DISTRICT,https://untappd.com/b/stamm-brewing-district/3238529,Lager - IPL (India Pale Lager),4.5% ABV , 30 IBU , Stamm Brewing ,https://untappd.com/w/stamm-brewing/44976,3.845,,Stamm brewing
111,Socle Craft Bar,3 in 1 Super Sour,https://untappd.com/b/stamm-brewing-3-in-1-super-sour/3582917,Sour - Fruited,7% ABV , N/A IBU , Stamm Brewing ,https://untappd.com/w/stamm-brewing/44976,4.294,,Stamm brewing
112,Socle Craft Bar,Beyond the Pale,https://untappd.com/b/stamm-brewing-beyond-the-pale/3640183,Pale Ale - New England,5.5% ABV , N/A IBU , Stamm Brewing ,https://untappd.com/w/stamm-brewing/44976,3.938,,Stamm brewing
113,Socle Craft Bar,Sour Passion Party,https://untappd.com/b/stamm-brewing-sour-passion-party/1432017,Sour - Fruited,6% ABV , 10 IBU , Stamm Brewing ,https://untappd.com/w/stamm-brewing/44976,4.155,,Stamm brewing
114,Socle Craft Bar,4 In 1 Super Sour,https://untappd.com/b/stamm-brewing-4-in-1-super-sour/3640169,Sour - Fruited,7% ABV , N/A IBU , Stamm Brewing ,https://untappd.com/w/stamm-brewing/44976,4.211,,Stamm brewing
115,Socle Craft Bar,Ring of Fire,https://untappd.com/b/kraft-laboratoriya-ring-of-fire/3553440,Porter - American,6.9% ABV , 20 IBU , Крафт Лаборатория ,https://untappd.com/w/kraft-laboratoriya/423378,3.742,,Крафт Лаборатория
116,Socle Craft Bar,9.9.9. ТРИ ДЕВЯТКИ,https://untappd.com/b/kraft-laboratoriya-9-9-9-tri-devyatki/3553481,IPA - Imperial / Double,7.9% ABV , 100 IBU , Крафт Лаборатория ,https://untappd.com/w/kraft-laboratoriya/423378,3.842,,Крафт Лаборатория
117,Socle Craft Bar,Гусли,https://untappd.com/b/labeerint-brewery-gusli/3379947,Stout - Irish Dry,4.5% ABV , 25 IBU , LaBEERint Brewery ,https://untappd.com/w/labeerint-brewery/51452,3.295,,Labeerint brewery
118,Socle Craft Bar,Sour Mango,https://untappd.com/b/labeerint-brewery-sour-mango/3274542,Sour - Fruited,4% ABV , N/A IBU , LaBEERint Brewery ,https://untappd.com/w/labeerint-brewery/51452,3.51,,Labeerint brewery
119,Socle Craft Bar,Lambic Goedzak,https://untappd.com/b/labeerint-brewery-lambic-goedzak/3439136,Sour - Flanders Red Ale,7% ABV , 10 IBU , LaBEERint Brewery ,https://untappd.com/w/labeerint-brewery/51452,3.673,,Labeerint brewery
120,Socle Craft Bar,Пляска Камней,https://untappd.com/b/labeerint-brewery-plyaska-kamnej/3439139,IPA - Imperial / Double,9.5% ABV , 80 IBU , LaBEERint Brewery ,https://untappd.com/w/labeerint-brewery/51452,3.593,,Labeerint brewery
121,Socle Craft Bar,ТВЭЛ,https://untappd.com/b/labeerint-brewery-tvel/3093947,Wheat Beer - Wheat Wine,8.5% ABV , 10 IBU , LaBEERint Brewery ,https://untappd.com/w/labeerint-brewery/51452,3.938,,Labeerint brewery
122,Socle Craft Bar,Kazachiy Led Surovoye (Казачий Лед Суровое),https://untappd.com/b/labeerint-brewery-kazachiy-led-surovoye-kazachij-led-surovoe/527864,Bock - Doppelbock,11.5% ABV , 28 IBU , LaBEERint Brewery ,https://untappd.com/w/labeerint-brewery/51452,3.933,,Labeerint brewery
123,Socle Craft Bar,Choko Frodo,https://untappd.com/b/labeerint-brewery-choko-frodo/3475238,Stout - Russian Imperial,9.5% ABV , 60 IBU , LaBEERint Brewery ,https://untappd.com/w/labeerint-brewery/51452,3.647,,Labeerint brewery
124,Socle Craft Bar,Imperial Island (Rum BA),https://untappd.com/b/labeerint-brewery-imperial-island-rum-ba/2815248,Stout - Russian Imperial,10% ABV , 15 IBU , LaBEERint Brewery ,https://untappd.com/w/labeerint-brewery/51452,3.718,,Labeerint brewery
125,Socle Craft Bar,Russian Imperial Stout (CNF) Plum Edition,https://untappd.com/b/labeerint-brewery-russian-imperial-stout-cnf-plum-edition/2202292,Stout - Imperial / Double,10.5% ABV , N/A IBU , LaBEERint Brewery ,https://untappd.com/w/labeerint-brewery/51452,3.845,,Labeerint brewery
126,Socle Craft Bar,True Color BA Chivas Regal Whisky,https://untappd.com/b/labeerint-brewery-true-color-ba-chivas-regal-whisky/1974654,Barleywine - English,15.3% ABV , 70 IBU , LaBEERint Brewery ,https://untappd.com/w/labeerint-brewery/51452,4.207,,Labeerint brewery
127,Socle Craft Bar,Hop&Hop's Mosaic Cryo Hops - Amarillo,https://untappd.com/b/084brewery-hop-and-hop-s-mosaic-cryo-hops-amarillo/3543832,IPA - Imperial / Double,7.1% ABV , 70 IBU , 084Brewery ,https://untappd.com/w/084brewery/382899,3.567,,084Brewery
128,Socle Craft Bar,Spicy Jack,https://untappd.com/b/084brewery-spicy-jack/2896965,Pumpkin / Yam Beer,6.5% ABV , 23 IBU , 084Brewery ,https://untappd.com/w/084brewery/382899,3.614,,084Brewery
129,Socle Craft Bar,TATLIN,https://untappd.com/b/084brewery-tatlin/2578474,IPA - Red,6.5% ABV , 63 IBU , 084Brewery ,https://untappd.com/w/084brewery/382899,3.435,,084Brewery
130,Socle Craft Bar,SIGMA QUADRUPEL,https://untappd.com/b/084brewery-sigma-quadrupel/2912495,Belgian Quadrupel,15% ABV , 17 IBU , 084Brewery ,https://untappd.com/w/084brewery/382899,3.739,,084Brewery
131,Socle Craft Bar,Janáček,https://untappd.com/b/084brewery-janacek/2842971,Pilsner - Other,4.5% ABV , 35 IBU , 084Brewery ,https://untappd.com/w/084brewery/382899,3.594,,084Brewery
132,Socle Craft Bar,Aurora Borealis,https://untappd.com/b/084brewery-aurora-borealis/3205259,Sour - Gose,5% ABV , 15 IBU , 084Brewery ,https://untappd.com/w/084brewery/382899,3.772,,084Brewery
133,Socle Craft Bar,Coconut Meteorit,https://untappd.com/b/084brewery-coconut-meteorit/3027673,Stout - Russian Imperial,12% ABV , 60 IBU , 084Brewery ,https://untappd.com/w/084brewery/382899,3.932,,084Brewery
134,Socle Craft Bar,ARCTIDA,https://untappd.com/b/084brewery-arctida/2531519,Pale Ale - American,5.5% ABV , 53 IBU , 084Brewery ,https://untappd.com/w/084brewery/382899,3.443,,084Brewery
135,Socle Craft Bar,Hop&HOP'S Idaho Gem,https://untappd.com/b/084brewery-hop-and-hop-s-idaho-gem/3178601,IPA - Imperial / Double,7.1% ABV , 65 IBU , 084Brewery ,https://untappd.com/w/084brewery/382899,3.328,,084Brewery
136,Socle Craft Bar,IMPERATIV,https://untappd.com/b/084brewery-imperativ/2532198,Stout - Russian Imperial,12% ABV , 60 IBU , 084Brewery ,https://untappd.com/w/084brewery/382899,3.743,,084Brewery
137,Socle Craft Bar,Orange Killer,https://untappd.com/b/084brewery-orange-killer/3205256,Sour - Gose,5% ABV , 15 IBU , 084Brewery ,https://untappd.com/w/084brewery/382899,3.681,,084Brewery
138,Socle Craft Bar,Radio Citrus,https://untappd.com/b/084brewery-radio-citrus/3242471,Pale Ale - American,6.3% ABV , 10 IBU , 084Brewery ,https://untappd.com/w/084brewery/382899,3.598,,084Brewery
139,Socle Craft Bar,ICON,https://untappd.com/b/084brewery-icon/2531518,Barleywine - American,10% ABV , 60 IBU , 084Brewery ,https://untappd.com/w/084brewery/382899,3.425,,084Brewery
140,Socle Craft Bar,Hamlet’s Skull,https://untappd.com/b/brew-division-hamlets-skull/3661224,Belgian Strong Dark Ale,12% ABV , 30 IBU , Brew Division ,https://untappd.com/w/brew-division/301549,3.977,,Brew Division
141,Socle Craft Bar,Burning Jam: Raspberry & Basil,https://untappd.com/b/brew-division-burning-jam-raspberry-and-basil/3472155,Sour - Fruited Gose,6.5% ABV , 10 IBU , Brew Division ,https://untappd.com/w/brew-division/301549,3.974,,Brew Division
142,Socle Craft Bar,Burning Jam: Pink Guava & Melon,https://untappd.com/b/brew-division-burning-jam-pink-guava-and-melon/3717957,Sour - Fruited Gose,6.5% ABV , N/A IBU , Brew Division ,https://untappd.com/w/brew-division/301549,3.644,,Brew Division
143,Socle Craft Bar,Proton Pack,https://untappd.com/b/brew-division-proton-pack/3628551,Stout - Russian Imperial,12% ABV , 25 IBU , Brew Division ,https://untappd.com/w/brew-division/301549,4.018,,Brew Division
144,Socle Craft Bar,600,https://untappd.com/b/brew-division-600/3683776,IPA - Triple,10.2% ABV , 100 IBU , Brew Division ,https://untappd.com/w/brew-division/301549,4.08,,Brew Division
145,Socle Craft Bar,Double Hugs,https://untappd.com/b/brew-division-double-hugs/1825930,Pale Ale - American,5% ABV , 35 IBU , Brew Division ,https://untappd.com/w/brew-division/301549,3.61,,Brew Division
146,Socle Craft Bar,Pure Buzz,https://untappd.com/b/brew-division-pure-buzz/3542729,IPA - Imperial / Double New England,8% ABV , N/A IBU , Brew Division ,https://untappd.com/w/brew-division/301549,3.661,,Brew Division
147,Socle Craft Bar,Hostage of Fate,https://untappd.com/b/brew-division-hostage-of-fate/2552814,Barleywine - Other,10% ABV , 50 IBU , Brew Division ,https://untappd.com/w/brew-division/301549,4.051,,Brew Division
148,Socle Craft Bar,E= MC Quadrat,https://untappd.com/b/brew-division-e-mc-quadrat/3506203,Belgian Quadrupel,12% ABV , N/A IBU , Brew Division ,https://untappd.com/w/brew-division/301549,3.883,,Brew Division
149,Socle Craft Bar,Van Goth,https://untappd.com/b/brew-division-van-goth/3369664,IPA - Sour,7.3% ABV , N/A IBU , Brew Division ,https://untappd.com/w/brew-division/301549,3.793,,Brew Division
150,Socle Craft Bar,Mind Ever Win (M.E.W.) Grapefruit,https://untappd.com/b/brew-division-mind-ever-win-m-e-w-grapefruit/2169916,Sour - Fruited Berliner Weisse,4.5% ABV , N/A IBU , Brew Division ,https://untappd.com/w/brew-division/301549,3.643,,Brew Division
151,Socle Craft Bar,Triple Double,https://untappd.com/b/brew-division-triple-double/2931059,IPA - Triple,10% ABV , 70 IBU , Brew Division ,https://untappd.com/w/brew-division/301549,3.848,,Brew Division
152,Socle Craft Bar,Dragonflys Fury Passionfruit Ed.,https://untappd.com/b/brew-division-dragonflys-fury-passionfruit-ed/2733670,Sour - Fruited Gose,4.2% ABV , N/A IBU , Brew Division ,https://untappd.com/w/brew-division/301549,3.968,,Brew Division
153,Socle Craft Bar,Eye Rye,https://untappd.com/b/brew-division-eye-rye/1771196,IPA - Rye,6.5% ABV , 50 IBU , Brew Division ,https://untappd.com/w/brew-division/301549,3.698,,Brew Division
154,Socle Craft Bar,Astrologer,https://untappd.com/b/brew-division-astrologer/1823327,Pilsner - Czech,4.7% ABV , 25 IBU , Brew Division ,https://untappd.com/w/brew-division/301549,3.661,,Brew Division
155,Socle Craft Bar,Compulsory Program,https://untappd.com/b/brewnet-compulsory-program/3145648,Lager - American Light,5% ABV , 17 IBU , Brewnet ,https://untappd.com/w/brewnet/425972,3.125,,Brewnet
156,Socle Craft Bar,Classy Lager,https://untappd.com/b/brewnet-classy-lager/3172401,Lager - Red,5% ABV , 25 IBU , Brewnet ,https://untappd.com/w/brewnet/425972,3.104,,Brewnet
157,Socle Craft Bar,45th State,https://untappd.com/b/brewnet-45th-state/3172429,IPA - New England,5% ABV , 25 IBU , Brewnet ,https://untappd.com/w/brewnet/425972,3.278,,Brewnet
158,Socle Craft Bar,3. 45th State,https://untappd.com/b/brewnet-45th-state/3172429,IPA - New England,5% ABV , 25 IBU , Brewnet ,https://untappd.com/w/brewnet/425972,3.278,,Brewnet
159,Socle Craft Bar,Fire In the Darkness,https://untappd.com/b/rewort-brewery-fire-in-the-darkness/3447563,Sour - Other,7.7% ABV , 13 IBU , Rewort Brewery ,https://untappd.com/w/rewort-brewery/331829,4.107,,BrewT!
160,Socle Craft Bar,Favorite cookies (brownie + vanilla),https://untappd.com/b/brewt-favorite-cookies-brownie-vanilla/3464066,Stout - Pastry,8.5% ABV , 15 IBU , BrewT! ,https://untappd.com/w/brewt/360552,3.791,,BrewT!
161,Socle Craft Bar,We Are Blonds,https://untappd.com/b/brewt-we-are-blonds/2543245,Belgian Blonde,6% ABV , 16 IBU , BrewT! ,https://untappd.com/w/brewt/360552,3.465,,BrewT!
162,Socle Craft Bar,Cool Story (Milkshake IPA With Pineapple And Coconut),https://untappd.com/b/brewt-cool-story-milkshake-ipa-with-pineapple-and-coconut/2625713,IPA - Milkshake,7% ABV , 30 IBU , BrewT! ,https://untappd.com/w/brewt/360552,3.632,,BrewT!
163,Socle Craft Bar,Vanilla Clouds,https://untappd.com/b/brewt-vanilla-clouds/2746160,IPA - Imperial / Double,8% ABV , 70 IBU , BrewT! ,https://untappd.com/w/brewt/360552,3.75,,BrewT!
164,Socle Craft Bar,One More,https://untappd.com/b/brewt-one-more/2803724,Pale Ale - American,6% ABV , 40 IBU , BrewT! ,https://untappd.com/w/brewt/360552,3.569,,BrewT!
165,Socle Craft Bar,Don't Treat Me,https://untappd.com/b/brewt-don-t-treat-me/2543217,Stout - Oatmeal,6.2% ABV , 34 IBU , BrewT! ,https://untappd.com/w/brewt/360552,3.601,,BrewT!
166,Socle Craft Bar,Cloud your mind: raspberry + vanilla,https://untappd.com/b/brewt-cloud-your-mind-raspberry-vanilla/3204499,Sour - Other,7.5% ABV , 30 IBU , BrewT! ,https://untappd.com/w/brewt/360552,4.049,,BrewT!
167,Socle Craft Bar,Vitamin Kick: sea buckthorn + lime + ginger,https://untappd.com/b/brewt-vitamin-kick-sea-buckthorn-lime-ginger/3181791,Sour - Fruited Gose,7% ABV , N/A IBU , BrewT! ,https://untappd.com/w/brewt/360552,3.962,,BrewT!
168,Socle Craft Bar,Симбиоз,https://untappd.com/b/brewt-simbioz/3022273,Stout - Coffee,8% ABV , 22 IBU , BrewT! ,https://untappd.com/w/brewt/360552,3.914,,BrewT!
169,Socle Craft Bar,Vitamin Kick: blueberry + black currant,https://untappd.com/b/brewt-vitamin-kick-blueberry-black-currant/3290027,Sour - Fruited Gose,7% ABV , N/A IBU , BrewT! ,https://untappd.com/w/brewt/360552,4.027,,BrewT!
170,Socle Craft Bar,Was Ist Das?,https://untappd.com/b/brewt-was-ist-das/2500774,Hefeweizen,4.6% ABV , 15 IBU , BrewT! ,https://untappd.com/w/brewt/360552,3.487,,BrewT!
171,Socle Craft Bar,Гренадер,https://untappd.com/b/brewlok-brewery-grenader/3361050,Barleywine - Other,8.6% ABV , N/A IBU , Brewlok Brewery ,https://untappd.com/w/brewlok-brewery/210255,3.847,,Brewlok
172,Socle Craft Bar,A R.I.S. Like This,https://untappd.com/b/brewlok-brewery-a-r-i-s-like-this/3362378,Stout - Russian Imperial,11% ABV , N/A IBU , Brewlok Brewery ,https://untappd.com/w/brewlok-brewery/210255,4.121,,Brewlok
173,Socle Craft Bar,Пропеллер,https://untappd.com/b/brewlok-brewery-propeller/3168291,Stout - Russian Imperial,11% ABV , N/A IBU , Brewlok Brewery ,https://untappd.com/w/brewlok-brewery/210255,4.112,,Brewlok
174,Socle Craft Bar,Vivizero,https://untappd.com/b/bullevie-vivizero/2626346,Cider - Dry,5.5% ABV , N/A IBU , Bullevie ,https://untappd.com/w/bullevie/357947,3.569,,Ciders 
175,Socle Craft Bar,Petit,https://untappd.com/b/bullevie-petit/3263126,Cider - Traditional,1.2% ABV , N/A IBU , Bullevie ,https://untappd.com/w/bullevie/357947,3.699,,Ciders 
176,Socle Craft Bar,Brexit,https://untappd.com/b/bullevie-brexit/2626348,Cider - Traditional,5.5% ABV , N/A IBU , Bullevie ,https://untappd.com/w/bullevie/357947,3.549,,Ciders 
177,Socle Craft Bar,Take Two,https://untappd.com/b/beeryoza-take-two/2630157,Sour - Fruited Gose,4.5% ABV , 5 IBU , Beerёza ,https://untappd.com/w/beeryoza/383973,3.758,,Ciders 
178,Socle Craft Bar,Take Two,https://untappd.com/b/gravity-project-take-two/3296782,Sour - Fruited Gose,5% ABV , N/A IBU , Gravity Project,https://untappd.com/w/gravity-project/386988,0,,Ciders 
179,Socle Craft Bar,Heartless Bitch 2.0,https://untappd.com/b/gravity-project-heartless-bitch-2-0/3300416,Cider - Other Fruit,4.5% ABV , N/A IBU , Gravity Project ,https://untappd.com/w/gravity-project/386988,3.816,,Ciders 
180,Socle Craft Bar,Sunrise,https://untappd.com/b/gravity-project-sunrise/2668168,Cider - Other Fruit,5% ABV , N/A IBU , Gravity Project ,https://untappd.com/w/gravity-project/386988,3.989,,Ciders 
181,Socle Craft Bar,It's A Mango,https://untappd.com/b/gravity-project-it-s-a-mango/3263346,Cider - Other Fruit,5% ABV , N/A IBU , Gravity Project ,https://untappd.com/w/gravity-project/386988,3.926,,Ciders 
182,Socle Craft Bar,Bananed,https://untappd.com/b/gravity-project-bananed/2923860,Cider - Other Fruit,5% ABV , N/A IBU , Gravity Project ,https://untappd.com/w/gravity-project/386988,3.885,,Ciders 
183,Socle Craft Bar,Blue Berry Jam,https://untappd.com/b/gravity-project-blue-berry-jam/3047146,Cider - Other Fruit,5% ABV , N/A IBU , Gravity Project ,https://untappd.com/w/gravity-project/386988,4.074,,Ciders 
184,Socle Craft Bar,40th Wheat,https://untappd.com/b/green-basement-brewery-40th-wheat/1316545,Hefeweizen,5% ABV , 18 IBU , Green Basement Brewery ,https://untappd.com/w/green-basement-brewery/236428,3.358,,Green Basement Brewery
185,Socle Craft Bar,Gose Sour Joe,https://untappd.com/b/green-basement-brewery-gose-sour-joe/2594846,Sour - Gose,4% ABV , 8 IBU , Green Basement Brewery ,https://untappd.com/w/green-basement-brewery/236428,3.663,,Green Basement Brewery
186,Socle Craft Bar,Milk Stout,https://untappd.com/b/green-basement-brewery-milk-stout/2569889,Stout - Milk / Sweet,5.5% ABV , 22 IBU , Green Basement Brewery ,https://untappd.com/w/green-basement-brewery/236428,3.29,,Green Basement Brewery
187,Socle Craft Bar,5. Milk Stout,https://untappd.com/b/green-basement-brewery-milk-stout/2569889,Stout - Milk / Sweet,5.5% ABV , 22 IBU , Green Basement Brewery ,https://untappd.com/w/green-basement-brewery/236428,3.29,,Green Basement Brewery
188,Socle Craft Bar,Hop 51 Peach State,https://untappd.com/b/rock-n-beer-hop-51-peach-state/3507581,IPA - Milkshake,6% ABV , N/A IBU , Rock'n'Beer ,https://untappd.com/w/rock-n-beer/395964,3.568,,Rock'N'beer
189,Socle Craft Bar,Hop 51 Mango Mondays,https://untappd.com/b/rock-n-beer-hop-51-mango-mondays/3144664,IPA - Milkshake,6% ABV , N/A IBU , Rock'n'Beer ,https://untappd.com/w/rock-n-beer/395964,3.935,,Rock'N'beer
190,Socle Craft Bar,Hop 51 Tropical Order,https://untappd.com/b/rock-n-beer-hop-51-tropical-order/3144667,IPA - Milkshake,6% ABV , N/A IBU , Rock'n'Beer ,https://untappd.com/w/rock-n-beer/395964,3.791,,Rock'N'beer
191,Socle Craft Bar,Killer Queen,https://untappd.com/b/rock-n-beer-killer-queen/3228761,IPA - Brut,6% ABV , N/A IBU , Rock'n'Beer ,https://untappd.com/w/rock-n-beer/395964,3.873,,Rock'N'beer
192,Socle Craft Bar,Walk In Silence,https://untappd.com/b/rock-n-beer-walk-in-silence/2796722,Barleywine - Other,12% ABV , N/A IBU , Rock'n'Beer ,https://untappd.com/w/rock-n-beer/395964,3.95,,Rock'N'beer
193,Socle Craft Bar,Stardust,https://untappd.com/b/rock-n-beer-stardust/3144827,IPA - American,6% ABV , 60 IBU , Rock'n'Beer ,https://untappd.com/w/rock-n-beer/395964,3.661,,Rock'N'beer
194,Socle Craft Bar,#14 Sour Blackcurrant Saison,https://untappd.com/b/craab-14-sour-blackcurrant-saison/3262680,Farmhouse Ale - Saison,6.3% ABV , 10 IBU , Craab ,https://untappd.com/w/craab/415904,3.834,,Craab
195,Socle Craft Bar,#17 Sour Cranberry Saison,https://untappd.com/b/craab-17-sour-cranberry-saison/3425263,Sour - Fruited,6.3% ABV , 7 IBU , Craab ,https://untappd.com/w/craab/415904,3.892,,Craab
196,Socle Craft Bar,#16 Sour Mojito Saison,https://untappd.com/b/craab-16-sour-mojito-saison/3362429,Sour - Fruited,6.3% ABV , 10 IBU , Craab ,https://untappd.com/w/craab/415904,3.667,,Craab
197,Socle Craft Bar,#13 Sourberry Wheat,https://untappd.com/b/craab-13-sourberry-wheat/3242357,Sour - Fruited,5.5% ABV , 7 IBU , Craab ,https://untappd.com/w/craab/415904,3.776,,Craab
198,Socle Craft Bar,#15 Sour Mango Saison,https://untappd.com/b/craab-15-sour-mango-session/3303548,Sour - Fruited,6.3% ABV , 10 IBU , Craab ,https://untappd.com/w/craab/415904,3.428,,Craab
199,Socle Craft Bar,#6 Belgian Citra IPA,https://untappd.com/b/craab-6-belgian-citra-ipa/2996584,IPA - Belgian,7.2% ABV , 50 IBU , Craab ,https://untappd.com/w/craab/415904,3.639,,Craab
200,Socle Craft Bar,#1 Multigrain Tripel,https://untappd.com/b/craab-1-multigrain-tripel/2996592,Belgian Tripel,8.5% ABV , 35 IBU , Craab ,https://untappd.com/w/craab/415904,3.822,,Craab
201,Socle Craft Bar,Dark Train,https://untappd.com/b/khoffner-brewery-dark-train/3597831,Stout - Pastry,8% ABV , 20 IBU , Khoffner Brewery ,https://untappd.com/w/khoffner-brewery/328597,4.068,,Khoffner
202,Socle Craft Bar,Baden Weizenfeld,https://untappd.com/b/khoffner-brewery-baden-weizenfeld/2930028,Wheat Beer - Other,4.6% ABV , 25 IBU , Khoffner Brewery ,https://untappd.com/w/khoffner-brewery/328597,3.345,,Khoffner
203,Socle Craft Bar,La Esperanza,https://untappd.com/b/khoffner-brewery-la-esperanza/3202876,Farmhouse Ale - Saison,4% ABV , 15 IBU , Khoffner Brewery ,https://untappd.com/w/khoffner-brewery/328597,3.477,,Khoffner
204,Socle Craft Bar,Karlsruhe Handwerk Pils,https://untappd.com/b/khoffner-brewery-karlsruhe-handwerk-pils/2930036,Pilsner - Other,4.4% ABV , 19 IBU , Khoffner Brewery ,https://untappd.com/w/khoffner-brewery/328597,3.468,,Khoffner
205,Socle Craft Bar,Manitou Oat Flakes,https://untappd.com/b/khoffner-brewery-manitou-oat-flakes/3057443,Cream Ale,6% ABV , 30 IBU , Khoffner Brewery ,https://untappd.com/w/khoffner-brewery/328597,3.467,,Khoffner
206,Socle Craft Bar,Caribbean Blaze,https://untappd.com/b/khoffner-brewery-caribbean-blaze/3144670,Other,7% ABV , 62 IBU , Khoffner Brewery ,https://untappd.com/w/khoffner-brewery/328597,3.628,,Khoffner
207,Socle Craft Bar,Pamela Lagerson ver. 3.0,https://untappd.com/b/khoffner-brewery-pamela-lagerson/2851085,Lager - American Light,4.2% ABV , 22 IBU , Khoffner Brewery ,https://untappd.com/w/khoffner-brewery/328597,3.507,,Khoffner
208,Socle Craft Bar,Florida’s Dream,https://untappd.com/b/khoffner-brewery-florida-s-dream/2521642,Winter Ale,8% ABV , 70 IBU , Khoffner Brewery ,https://untappd.com/w/khoffner-brewery/328597,3.673,,Khoffner
209,Socle Craft Bar,Knightberg Chocolate Stout (Shisha),https://untappd.com/b/knightberg-knightberg-chocolate-stout-shisha/1105285,Stout - Other,5% ABV , 17 IBU , Knightberg ,https://untappd.com/w/knightberg/12920,3.815,,Knightberg
210,Socle Craft Bar,Chelada,https://untappd.com/b/knightberg-chelada/3059870,Sour - Gose,5% ABV , N/A IBU , Knightberg ,https://untappd.com/w/knightberg/12920,4.218,,Knightberg
211,Socle Craft Bar,Borsch Gose,https://untappd.com/b/knightberg-borsch-gose/3406925,Sour - Gose,6.5% ABV , N/A IBU , Knightberg ,https://untappd.com/w/knightberg/12920,3.392,,Knightberg
212,Socle Craft Bar,Endless Summer,https://untappd.com/b/knightberg-endless-summer/3288276,IPA - Sour,6% ABV , N/A IBU , Knightberg ,https://untappd.com/w/knightberg/12920,3.773,,Knightberg
213,Socle Craft Bar,Тролль Гнёт Ель XX (юбилейный бланш),https://untappd.com/b/knightberg-troll-gnyot-el-xx-yubilejnyj-blansh/3487440,Spiced / Herbed Beer,4% ABV , N/A IBU , Knightberg ,https://untappd.com/w/knightberg/12920,3.69,,Knightberg
214,Socle Craft Bar,Scary Pumpkin Ale,https://untappd.com/b/knightberg-scary-pumpkin-ale/2356437,Pumpkin / Yam Beer,6% ABV , 20 IBU , Knightberg ,https://untappd.com/w/knightberg/12920,3.688,,Knightberg
215,Socle Craft Bar,Knightberg Oatmeal Stout,https://untappd.com/b/knightberg-knightberg-oatmeal-stout/83596,Stout - Oatmeal,5% ABV , 18 IBU , Knightberg ,https://untappd.com/w/knightberg/12920,3.629,,Knightberg
216,Socle Craft Bar,Clockwork Cherry,https://untappd.com/b/knightberg-clockwork-cherry/2325562,Fruit Beer,4.5% ABV , 13 IBU , Knightberg ,https://untappd.com/w/knightberg/12920,3.491,,Knightberg
217,Socle Craft Bar,Три Столицы,https://untappd.com/b/knightberg-tri-stolicy/2108264,Stout - Russian Imperial,8.5% ABV , 50 IBU , Knightberg ,https://untappd.com/w/knightberg/12920,3.733,,Knightberg
218,Socle Craft Bar,Tom Yum Gose,https://untappd.com/b/knightberg-tom-yum-gose/3345798,Sour - Fruited Gose,4% ABV , N/A IBU , Knightberg ,https://untappd.com/w/knightberg/12920,3.935,,Knightberg
219,Socle Craft Bar,The Infinity Gauntlet,https://untappd.com/b/midnight-project-the-infinity-gauntlet/3206996,Stout - Russian Imperial,13% ABV , 50 IBU , Midnight Project ,https://untappd.com/w/midnight-project/329172,4.393,,Midnight project
220,Socle Craft Bar,Planet TrES-2b,https://untappd.com/b/midnight-project-planet-tres-2b/3020231,Stout - Russian Imperial,13% ABV , 55 IBU , Midnight Project ,https://untappd.com/w/midnight-project/329172,4.076,,Midnight project
221,Socle Craft Bar,Telmann Rice Lager,https://untappd.com/b/telmann-telmann-rice-lager/2625292,Lager - Helles,5% ABV , 17 IBU , Telmann ,https://untappd.com/w/telmann/304237,3.341,,Telmann
222,Socle Craft Bar,Telmann Hefeweizen,https://untappd.com/b/telmann-telmann-hefeweizen/1875353,Hefeweizen,4.8% ABV , 7 IBU , Telmann ,https://untappd.com/w/telmann/304237,3.418,,Telmann
223,Socle Craft Bar,Telmann Long Journey IPA,https://untappd.com/b/telmann-telmann-long-journey-ipa/2696470,IPA - American,6% ABV , 55 IBU , Telmann ,https://untappd.com/w/telmann/304237,3.421,,Telmann
224,Socle Craft Bar,Telmann Night Mist Stout,https://untappd.com/b/telmann-telmann-night-mist-stout/2718814,Stout - Milk / Sweet,6% ABV , 23 IBU , Telmann ,https://untappd.com/w/telmann/304237,3.409,,Telmann
225,Socle Craft Bar,Telmann Buckwheat Porter,https://untappd.com/b/telmann-telmann-buckwheat-porter/1791477,Porter - Baltic,6.5% ABV , 11 IBU , Telmann ,https://untappd.com/w/telmann/304237,3.231,,Telmann
